<?xml version="1.0" encoding="UTF-8"?>
<mxfile host="app.diagrams.net" modified="2023-08-25T17:20:40.981Z" agent="Mozilla/5.0 (X11; Linux x86_64) AppleWebKit/537.36 (KHTML, like Gecko) Chrome/116.0.0.0 Safari/537.36" etag="24va6VRtsMs1L1PYTIAK" version="21.6.9" type="device">
  <diagram name="Page-1" id="c37626ed-c26b-45fb-9056-f9ebc6bb27b6">
    <mxGraphModel dx="2049" dy="1186" grid="0" gridSize="10" guides="1" tooltips="1" connect="1" arrows="1" fold="1" page="1" pageScale="1" pageWidth="1920" pageHeight="1200" background="none" math="0" shadow="0">
      <root>
        <mxCell id="0" />
        <mxCell id="1" parent="0" />
        <mxCell id="WqbHj0pmv_JgViC1A4Ex-87" value="" style="rounded=0;whiteSpace=wrap;html=1;fillColor=none;" vertex="1" parent="1">
          <mxGeometry x="15" y="9" width="363" height="388" as="geometry" />
        </mxCell>
        <mxCell id="WqbHj0pmv_JgViC1A4Ex-6" value="&lt;b&gt;IIT HYDERABAD&lt;br&gt;AS59193&lt;br&gt;&lt;/b&gt;" style="text;html=1;strokeColor=none;fillColor=none;align=center;verticalAlign=middle;whiteSpace=wrap;rounded=0;" vertex="1" parent="1">
          <mxGeometry x="1205" y="295" width="100" height="30" as="geometry" />
        </mxCell>
        <mxCell id="WqbHj0pmv_JgViC1A4Ex-16" value="" style="fontColor=#0066CC;verticalAlign=top;verticalLabelPosition=bottom;labelPosition=center;align=center;html=1;outlineConnect=0;fillColor=#CCCCCC;strokeColor=#6881B3;gradientColor=none;gradientDirection=north;strokeWidth=2;shape=mxgraph.networks.pc;" vertex="1" parent="1">
          <mxGeometry x="1750" y="43" width="100" height="70" as="geometry" />
        </mxCell>
        <mxCell id="WqbHj0pmv_JgViC1A4Ex-19" value="" style="fontColor=#0066CC;verticalAlign=top;verticalLabelPosition=bottom;labelPosition=center;align=center;html=1;outlineConnect=0;fillColor=#CCCCCC;strokeColor=#6881B3;gradientColor=none;gradientDirection=north;strokeWidth=2;shape=mxgraph.networks.laptop;" vertex="1" parent="1">
          <mxGeometry x="1150" y="572" width="100" height="55" as="geometry" />
        </mxCell>
        <mxCell id="WqbHj0pmv_JgViC1A4Ex-20" value="" style="fontColor=#0066CC;verticalAlign=top;verticalLabelPosition=bottom;labelPosition=center;align=center;html=1;outlineConnect=0;fillColor=#CCCCCC;strokeColor=#6881B3;gradientColor=none;gradientDirection=north;strokeWidth=2;shape=mxgraph.networks.mobile;" vertex="1" parent="1">
          <mxGeometry x="1795" y="1050" width="33" height="63" as="geometry" />
        </mxCell>
        <mxCell id="WqbHj0pmv_JgViC1A4Ex-23" value="" style="fontColor=#0066CC;verticalAlign=top;verticalLabelPosition=bottom;labelPosition=center;align=center;html=1;outlineConnect=0;fillColor=#CCCCCC;strokeColor=#6881B3;gradientColor=none;gradientDirection=north;strokeWidth=2;shape=mxgraph.networks.web_server;" vertex="1" parent="1">
          <mxGeometry x="22" y="15" width="72" height="76" as="geometry" />
        </mxCell>
        <mxCell id="WqbHj0pmv_JgViC1A4Ex-24" value="&lt;b&gt;Destination&lt;/b&gt;" style="text;html=1;strokeColor=none;fillColor=none;align=center;verticalAlign=middle;whiteSpace=wrap;rounded=0;" vertex="1" parent="1">
          <mxGeometry x="22" y="91" width="68" height="30" as="geometry" />
        </mxCell>
        <mxCell id="WqbHj0pmv_JgViC1A4Ex-107" style="edgeStyle=orthogonalEdgeStyle;orthogonalLoop=1;jettySize=auto;html=1;curved=1;fillColor=#008a00;strokeColor=#005700;strokeWidth=4;entryX=0;entryY=0.14;entryDx=0;entryDy=0;entryPerimeter=0;exitX=0.87;exitY=0.14;exitDx=0;exitDy=0;exitPerimeter=0;" edge="1" parent="1" source="WqbHj0pmv_JgViC1A4Ex-25" target="WqbHj0pmv_JgViC1A4Ex-33">
          <mxGeometry relative="1" as="geometry">
            <Array as="points">
              <mxPoint x="1216" y="341" />
              <mxPoint x="1332" y="341" />
              <mxPoint x="1332" y="761" />
            </Array>
          </mxGeometry>
        </mxCell>
        <mxCell id="WqbHj0pmv_JgViC1A4Ex-25" value="" style="fontColor=#0066CC;verticalAlign=top;verticalLabelPosition=bottom;labelPosition=center;align=center;html=1;outlineConnect=0;fillColor=#CCCCCC;strokeColor=#6881B3;gradientColor=none;gradientDirection=north;strokeWidth=2;shape=mxgraph.networks.web_server;" vertex="1" parent="1">
          <mxGeometry x="1160" y="306" width="64" height="70" as="geometry" />
        </mxCell>
        <mxCell id="WqbHj0pmv_JgViC1A4Ex-28" value="" style="fontColor=#0066CC;verticalAlign=top;verticalLabelPosition=bottom;labelPosition=center;align=center;html=1;outlineConnect=0;fillColor=#CCCCCC;strokeColor=#6881B3;gradientColor=none;gradientDirection=north;strokeWidth=2;shape=mxgraph.networks.web_server;" vertex="1" parent="1">
          <mxGeometry x="997" y="795" width="64" height="70" as="geometry" />
        </mxCell>
        <mxCell id="WqbHj0pmv_JgViC1A4Ex-29" value="" style="fontColor=#0066CC;verticalAlign=top;verticalLabelPosition=bottom;labelPosition=center;align=center;html=1;outlineConnect=0;fillColor=#CCCCCC;strokeColor=#6881B3;gradientColor=none;gradientDirection=north;strokeWidth=2;shape=mxgraph.networks.web_server;" vertex="1" parent="1">
          <mxGeometry x="627" y="855" width="64" height="70" as="geometry" />
        </mxCell>
        <mxCell id="WqbHj0pmv_JgViC1A4Ex-30" value="" style="fontColor=#0066CC;verticalAlign=top;verticalLabelPosition=bottom;labelPosition=center;align=center;html=1;outlineConnect=0;fillColor=#CCCCCC;strokeColor=#6881B3;gradientColor=none;gradientDirection=north;strokeWidth=2;shape=mxgraph.networks.web_server;" vertex="1" parent="1">
          <mxGeometry x="1236" y="60" width="64" height="70" as="geometry" />
        </mxCell>
        <mxCell id="WqbHj0pmv_JgViC1A4Ex-31" value="" style="fontColor=#0066CC;verticalAlign=top;verticalLabelPosition=bottom;labelPosition=center;align=center;html=1;outlineConnect=0;fillColor=#CCCCCC;strokeColor=#6881B3;gradientColor=none;gradientDirection=north;strokeWidth=2;shape=mxgraph.networks.web_server;" vertex="1" parent="1">
          <mxGeometry x="605" y="612" width="64" height="70" as="geometry" />
        </mxCell>
        <mxCell id="WqbHj0pmv_JgViC1A4Ex-32" value="" style="fontColor=#0066CC;verticalAlign=top;verticalLabelPosition=bottom;labelPosition=center;align=center;html=1;outlineConnect=0;fillColor=#CCCCCC;strokeColor=#6881B3;gradientColor=none;gradientDirection=north;strokeWidth=2;shape=mxgraph.networks.web_server;" vertex="1" parent="1">
          <mxGeometry x="259" y="964" width="64" height="70" as="geometry" />
        </mxCell>
        <mxCell id="WqbHj0pmv_JgViC1A4Ex-33" value="" style="fontColor=#0066CC;verticalAlign=top;verticalLabelPosition=bottom;labelPosition=center;align=center;html=1;outlineConnect=0;fillColor=#CCCCCC;strokeColor=#6881B3;gradientColor=none;gradientDirection=north;strokeWidth=2;shape=mxgraph.networks.web_server;" vertex="1" parent="1">
          <mxGeometry x="1382" y="751" width="64" height="70" as="geometry" />
        </mxCell>
        <mxCell id="WqbHj0pmv_JgViC1A4Ex-34" value="" style="fontColor=#0066CC;verticalAlign=top;verticalLabelPosition=bottom;labelPosition=center;align=center;html=1;outlineConnect=0;fillColor=#CCCCCC;strokeColor=#6881B3;gradientColor=none;gradientDirection=north;strokeWidth=2;shape=mxgraph.networks.mobile;" vertex="1" parent="1">
          <mxGeometry x="536.5" y="32" width="33" height="63" as="geometry" />
        </mxCell>
        <mxCell id="WqbHj0pmv_JgViC1A4Ex-35" value="&lt;b&gt;Airtel Mobile&lt;/b&gt;" style="text;html=1;strokeColor=none;fillColor=none;align=center;verticalAlign=middle;whiteSpace=wrap;rounded=0;" vertex="1" parent="1">
          <mxGeometry x="523" y="109" width="60" height="30" as="geometry" />
        </mxCell>
        <mxCell id="WqbHj0pmv_JgViC1A4Ex-36" value="IITH Lan" style="text;html=1;strokeColor=none;fillColor=none;align=center;verticalAlign=middle;whiteSpace=wrap;rounded=0;" vertex="1" parent="1">
          <mxGeometry x="1170" y="625" width="60" height="30" as="geometry" />
        </mxCell>
        <mxCell id="WqbHj0pmv_JgViC1A4Ex-37" value="&lt;b&gt;GOOGLE&lt;br&gt;AS15169&lt;/b&gt;" style="text;html=1;strokeColor=none;fillColor=none;align=center;verticalAlign=middle;whiteSpace=wrap;rounded=0;" vertex="1" parent="1">
          <mxGeometry x="1384" y="825" width="60" height="30" as="geometry" />
        </mxCell>
        <mxCell id="WqbHj0pmv_JgViC1A4Ex-39" value="&lt;b&gt;UK-CANONICAL&lt;br&gt;AS41231&lt;/b&gt;" style="text;html=1;strokeColor=none;fillColor=none;align=center;verticalAlign=middle;whiteSpace=wrap;rounded=0;" vertex="1" parent="1">
          <mxGeometry x="243" y="1037" width="96" height="30" as="geometry" />
        </mxCell>
        <mxCell id="WqbHj0pmv_JgViC1A4Ex-41" value="&lt;b&gt;CLOUDFARENET&lt;br&gt;AS13335&lt;/b&gt;" style="text;html=1;strokeColor=none;fillColor=none;align=center;verticalAlign=middle;whiteSpace=wrap;rounded=0;" vertex="1" parent="1">
          <mxGeometry x="573" y="688" width="60" height="30" as="geometry" />
        </mxCell>
        <mxCell id="WqbHj0pmv_JgViC1A4Ex-42" value="&lt;b&gt;WIKIMEDIAAP&lt;br&gt;AS14907&lt;/b&gt;" style="text;html=1;strokeColor=none;fillColor=none;align=center;verticalAlign=middle;whiteSpace=wrap;rounded=0;" vertex="1" parent="1">
          <mxGeometry x="629" y="934" width="60" height="30" as="geometry" />
        </mxCell>
        <mxCell id="WqbHj0pmv_JgViC1A4Ex-44" value="&lt;b&gt;RELIANCEJIO-IN&lt;br&gt;AS55836&lt;br&gt;&lt;/b&gt;" style="text;html=1;strokeColor=none;fillColor=none;align=center;verticalAlign=middle;whiteSpace=wrap;rounded=0;" vertex="1" parent="1">
          <mxGeometry x="968.5" y="663" width="104" height="30" as="geometry" />
        </mxCell>
        <mxCell id="WqbHj0pmv_JgViC1A4Ex-61" value="" style="fillColor=#60a917;strokeColor=#2D7600;whiteSpace=wrap;html=1;fontColor=#ffffff;" vertex="1" parent="1">
          <mxGeometry x="24" y="179" width="42" height="24" as="geometry" />
        </mxCell>
        <mxCell id="WqbHj0pmv_JgViC1A4Ex-62" value="" style="fillColor=#a20025;strokeColor=#6F0000;whiteSpace=wrap;html=1;fontColor=#ffffff;" vertex="1" parent="1">
          <mxGeometry x="24" y="155" width="42" height="24" as="geometry" />
        </mxCell>
        <mxCell id="WqbHj0pmv_JgViC1A4Ex-63" value="" style="fillColor=#6a00ff;strokeColor=#3700CC;whiteSpace=wrap;html=1;fontColor=#ffffff;" vertex="1" parent="1">
          <mxGeometry x="24" y="202" width="42" height="24" as="geometry" />
        </mxCell>
        <mxCell id="WqbHj0pmv_JgViC1A4Ex-64" value="" style="fillColor=#0050ef;strokeColor=#001DBC;whiteSpace=wrap;html=1;fontColor=#ffffff;" vertex="1" parent="1">
          <mxGeometry x="24" y="226" width="42" height="24" as="geometry" />
        </mxCell>
        <mxCell id="WqbHj0pmv_JgViC1A4Ex-65" value="" style="fillColor=#e3c800;strokeColor=#B09500;whiteSpace=wrap;html=1;fontColor=#000000;" vertex="1" parent="1">
          <mxGeometry x="24" y="250" width="42" height="24" as="geometry" />
        </mxCell>
        <mxCell id="WqbHj0pmv_JgViC1A4Ex-66" value="" style="fillColor=#f0a30a;strokeColor=#BD7000;whiteSpace=wrap;html=1;fontColor=#000000;" vertex="1" parent="1">
          <mxGeometry x="24" y="274" width="42" height="24" as="geometry" />
        </mxCell>
        <mxCell id="WqbHj0pmv_JgViC1A4Ex-67" value="" style="fillColor=#f5f5f5;strokeColor=#666666;whiteSpace=wrap;html=1;gradientColor=#b3b3b3;" vertex="1" parent="1">
          <mxGeometry x="24" y="295" width="42" height="24" as="geometry" />
        </mxCell>
        <mxCell id="WqbHj0pmv_JgViC1A4Ex-68" value="" style="fillColor=#a0522d;strokeColor=#6D1F00;whiteSpace=wrap;html=1;fontColor=#ffffff;" vertex="1" parent="1">
          <mxGeometry x="24" y="319" width="42" height="24" as="geometry" />
        </mxCell>
        <mxCell id="WqbHj0pmv_JgViC1A4Ex-69" value="" style="fillColor=#6a00ff;strokeColor=#3700CC;whiteSpace=wrap;html=1;fontColor=#ffffff;" vertex="1" parent="1">
          <mxGeometry x="24" y="343" width="42" height="24" as="geometry" />
        </mxCell>
        <mxCell id="WqbHj0pmv_JgViC1A4Ex-70" value="" style="fillColor=#e6d0de;strokeColor=#996185;whiteSpace=wrap;html=1;gradientColor=#d5739d;" vertex="1" parent="1">
          <mxGeometry x="24" y="367" width="42" height="24" as="geometry" />
        </mxCell>
        <mxCell id="WqbHj0pmv_JgViC1A4Ex-76" value="iith.ac.in" style="text;html=1;strokeColor=none;fillColor=none;align=center;verticalAlign=middle;whiteSpace=wrap;rounded=0;" vertex="1" parent="1">
          <mxGeometry x="66" y="155" width="83" height="24" as="geometry" />
        </mxCell>
        <mxCell id="WqbHj0pmv_JgViC1A4Ex-77" value="youtube.com" style="text;html=1;strokeColor=none;fillColor=none;align=center;verticalAlign=middle;whiteSpace=wrap;rounded=0;" vertex="1" parent="1">
          <mxGeometry x="66" y="179" width="83" height="24" as="geometry" />
        </mxCell>
        <mxCell id="WqbHj0pmv_JgViC1A4Ex-78" value="codeforces.com" style="text;html=1;strokeColor=none;fillColor=none;align=center;verticalAlign=middle;whiteSpace=wrap;rounded=0;" vertex="1" parent="1">
          <mxGeometry x="74" y="203" width="83" height="24" as="geometry" />
        </mxCell>
        <mxCell id="WqbHj0pmv_JgViC1A4Ex-79" value="github.com" style="text;html=1;strokeColor=none;fillColor=none;align=center;verticalAlign=middle;whiteSpace=wrap;rounded=0;" vertex="1" parent="1">
          <mxGeometry x="66" y="226" width="83" height="24" as="geometry" />
        </mxCell>
        <mxCell id="WqbHj0pmv_JgViC1A4Ex-80" value="chess.com" style="text;html=1;strokeColor=none;fillColor=none;align=center;verticalAlign=middle;whiteSpace=wrap;rounded=0;" vertex="1" parent="1">
          <mxGeometry x="66" y="250" width="83" height="24" as="geometry" />
        </mxCell>
        <mxCell id="WqbHj0pmv_JgViC1A4Ex-81" value="olacabs.com" style="text;html=1;strokeColor=none;fillColor=none;align=center;verticalAlign=middle;whiteSpace=wrap;rounded=0;" vertex="1" parent="1">
          <mxGeometry x="66" y="274" width="83" height="24" as="geometry" />
        </mxCell>
        <mxCell id="WqbHj0pmv_JgViC1A4Ex-82" value="wikipedia.org" style="text;html=1;strokeColor=none;fillColor=none;align=center;verticalAlign=middle;whiteSpace=wrap;rounded=0;" vertex="1" parent="1">
          <mxGeometry x="66" y="295" width="83" height="24" as="geometry" />
        </mxCell>
        <mxCell id="WqbHj0pmv_JgViC1A4Ex-83" value="zerodha.com" style="text;html=1;strokeColor=none;fillColor=none;align=center;verticalAlign=middle;whiteSpace=wrap;rounded=0;" vertex="1" parent="1">
          <mxGeometry x="66" y="319" width="83" height="24" as="geometry" />
        </mxCell>
        <mxCell id="WqbHj0pmv_JgViC1A4Ex-84" value="zomato.com" style="text;html=1;strokeColor=none;fillColor=none;align=center;verticalAlign=middle;whiteSpace=wrap;rounded=0;" vertex="1" parent="1">
          <mxGeometry x="66" y="343" width="83" height="24" as="geometry" />
        </mxCell>
        <mxCell id="WqbHj0pmv_JgViC1A4Ex-85" value="ubuntu.com" style="text;html=1;strokeColor=none;fillColor=none;align=center;verticalAlign=middle;whiteSpace=wrap;rounded=0;" vertex="1" parent="1">
          <mxGeometry x="66" y="367" width="83" height="24" as="geometry" />
        </mxCell>
        <mxCell id="WqbHj0pmv_JgViC1A4Ex-111" value="" style="shape=mxgraph.cisco.routers.router;sketch=0;html=1;pointerEvents=1;dashed=0;fillColor=#036897;strokeColor=#ffffff;strokeWidth=2;verticalLabelPosition=bottom;verticalAlign=top;align=center;outlineConnect=0;" vertex="1" parent="1">
          <mxGeometry x="968.5" y="612" width="71" height="43" as="geometry" />
        </mxCell>
        <mxCell id="WqbHj0pmv_JgViC1A4Ex-115" value="" style="endArrow=classic;html=1;entryX=0.87;entryY=0.14;entryDx=0;entryDy=0;entryPerimeter=0;curved=1;fillColor=#e3c800;strokeColor=#B09500;strokeWidth=4;" edge="1" parent="1" source="WqbHj0pmv_JgViC1A4Ex-111" target="WqbHj0pmv_JgViC1A4Ex-31">
          <mxGeometry width="50" height="50" relative="1" as="geometry">
            <mxPoint x="859" y="582" as="sourcePoint" />
            <mxPoint x="909" y="532" as="targetPoint" />
            <Array as="points">
              <mxPoint x="817" y="597" />
            </Array>
          </mxGeometry>
        </mxCell>
        <mxCell id="WqbHj0pmv_JgViC1A4Ex-116" value="" style="endArrow=classic;html=1;entryX=0.95;entryY=0.95;entryDx=0;entryDy=0;entryPerimeter=0;strokeWidth=4;curved=1;fillColor=#a0522d;strokeColor=#6D1F00;exitX=0.12;exitY=0.9;exitDx=0;exitDy=0;exitPerimeter=0;" edge="1" parent="1" source="WqbHj0pmv_JgViC1A4Ex-111" target="WqbHj0pmv_JgViC1A4Ex-31">
          <mxGeometry width="50" height="50" relative="1" as="geometry">
            <mxPoint x="942" y="673" as="sourcePoint" />
            <mxPoint x="711" y="684" as="targetPoint" />
            <Array as="points">
              <mxPoint x="871" y="647" />
              <mxPoint x="821" y="698" />
            </Array>
          </mxGeometry>
        </mxCell>
        <mxCell id="WqbHj0pmv_JgViC1A4Ex-117" value="" style="endArrow=classic;html=1;exitX=0;exitY=0.5;exitDx=0;exitDy=0;exitPerimeter=0;entryX=0.88;entryY=0.5;entryDx=0;entryDy=0;entryPerimeter=0;curved=1;strokeWidth=4;fillColor=#6a00ff;strokeColor=#3700CC;" edge="1" parent="1" source="WqbHj0pmv_JgViC1A4Ex-111" target="WqbHj0pmv_JgViC1A4Ex-31">
          <mxGeometry width="50" height="50" relative="1" as="geometry">
            <mxPoint x="859" y="582" as="sourcePoint" />
            <mxPoint x="909" y="532" as="targetPoint" />
            <Array as="points">
              <mxPoint x="822" y="653" />
            </Array>
          </mxGeometry>
        </mxCell>
        <mxCell id="WqbHj0pmv_JgViC1A4Ex-119" value="&lt;b&gt;MSFT&lt;br&gt;AS8075&lt;/b&gt;" style="text;html=1;strokeColor=none;fillColor=none;align=center;verticalAlign=middle;whiteSpace=wrap;rounded=0;" vertex="1" parent="1">
          <mxGeometry x="1238" y="135" width="60" height="30" as="geometry" />
        </mxCell>
        <mxCell id="WqbHj0pmv_JgViC1A4Ex-120" value="&lt;b&gt;AT-88-Z&lt;br&gt;AS16509&lt;/b&gt;" style="text;html=1;strokeColor=none;fillColor=none;align=center;verticalAlign=middle;whiteSpace=wrap;rounded=0;" vertex="1" parent="1">
          <mxGeometry x="999" y="875" width="60" height="30" as="geometry" />
        </mxCell>
        <mxCell id="WqbHj0pmv_JgViC1A4Ex-121" value="" style="endArrow=classic;html=1;exitX=1;exitY=0.5;exitDx=0;exitDy=0;curved=1;strokeWidth=4;fillColor=#f0a30a;strokeColor=#BD7000;exitPerimeter=0;" edge="1" parent="1" source="WqbHj0pmv_JgViC1A4Ex-111" target="WqbHj0pmv_JgViC1A4Ex-28">
          <mxGeometry width="50" height="50" relative="1" as="geometry">
            <mxPoint x="980" y="783" as="sourcePoint" />
            <mxPoint x="1030" y="733" as="targetPoint" />
            <Array as="points">
              <mxPoint x="1111" y="647" />
              <mxPoint x="982" y="750" />
            </Array>
          </mxGeometry>
        </mxCell>
        <mxCell id="WqbHj0pmv_JgViC1A4Ex-122" value="" style="shape=mxgraph.cisco.routers.router;sketch=0;html=1;pointerEvents=1;dashed=0;fillColor=#036897;strokeColor=#ffffff;strokeWidth=2;verticalLabelPosition=bottom;verticalAlign=top;align=center;outlineConnect=0;" vertex="1" parent="1">
          <mxGeometry x="300" y="443" width="71" height="43" as="geometry" />
        </mxCell>
        <mxCell id="WqbHj0pmv_JgViC1A4Ex-123" value="&lt;b&gt;HURRICANE&lt;br&gt;AS6939&lt;br&gt;AS46841&lt;br&gt;&lt;/b&gt;" style="text;html=1;strokeColor=none;fillColor=none;align=center;verticalAlign=middle;whiteSpace=wrap;rounded=0;" vertex="1" parent="1">
          <mxGeometry x="300" y="486" width="72.5" height="63" as="geometry" />
        </mxCell>
        <mxCell id="WqbHj0pmv_JgViC1A4Ex-125" value="" style="endArrow=classic;html=1;exitX=0.5;exitY=0;exitDx=0;exitDy=0;curved=1;strokeWidth=4;fillColor=#e6d0de;strokeColor=#996185;gradientColor=#d5739d;" edge="1" parent="1" source="WqbHj0pmv_JgViC1A4Ex-123" target="WqbHj0pmv_JgViC1A4Ex-32">
          <mxGeometry width="50" height="50" relative="1" as="geometry">
            <mxPoint x="677" y="479" as="sourcePoint" />
            <mxPoint x="727" y="429" as="targetPoint" />
            <Array as="points">
              <mxPoint x="170" y="644" />
            </Array>
          </mxGeometry>
        </mxCell>
        <mxCell id="WqbHj0pmv_JgViC1A4Ex-126" value="" style="shape=mxgraph.cisco.routers.router;sketch=0;html=1;pointerEvents=1;dashed=0;fillColor=#036897;strokeColor=#ffffff;strokeWidth=2;verticalLabelPosition=bottom;verticalAlign=top;align=center;outlineConnect=0;" vertex="1" parent="1">
          <mxGeometry x="1460" y="982" width="71" height="43" as="geometry" />
        </mxCell>
        <mxCell id="WqbHj0pmv_JgViC1A4Ex-127" value="&lt;b&gt;SPECIAL-IPV4-REGISTRY-IANA-RESERVED&lt;br&gt;AS6983&lt;/b&gt;" style="text;html=1;strokeColor=none;fillColor=none;align=center;verticalAlign=middle;whiteSpace=wrap;rounded=0;rotation=-45;" vertex="1" parent="1">
          <mxGeometry x="1361" y="1070" width="153" height="57" as="geometry" />
        </mxCell>
        <mxCell id="WqbHj0pmv_JgViC1A4Ex-128" value="" style="shape=mxgraph.cisco.routers.router;sketch=0;html=1;pointerEvents=1;dashed=0;fillColor=#036897;strokeColor=#ffffff;strokeWidth=2;verticalLabelPosition=bottom;verticalAlign=top;align=center;outlineConnect=0;" vertex="1" parent="1">
          <mxGeometry x="795" y="70" width="71" height="43" as="geometry" />
        </mxCell>
        <mxCell id="WqbHj0pmv_JgViC1A4Ex-129" value="&lt;b&gt;BHARTI-IN&lt;br&gt;AS9498&lt;br&gt;&lt;/b&gt;" style="text;html=1;strokeColor=none;fillColor=none;align=center;verticalAlign=middle;whiteSpace=wrap;rounded=0;" vertex="1" parent="1">
          <mxGeometry x="827" y="36" width="67" height="34" as="geometry" />
        </mxCell>
        <mxCell id="WqbHj0pmv_JgViC1A4Ex-130" value="&lt;b&gt;Jio&lt;br&gt;&amp;nbsp;Mobile&lt;/b&gt;" style="text;html=1;strokeColor=none;fillColor=none;align=center;verticalAlign=middle;whiteSpace=wrap;rounded=0;" vertex="1" parent="1">
          <mxGeometry x="1784" y="1122" width="60" height="30" as="geometry" />
        </mxCell>
        <mxCell id="WqbHj0pmv_JgViC1A4Ex-132" value="" style="endArrow=classic;html=1;strokeWidth=4;curved=1;fillColor=#008a00;strokeColor=#005700;" edge="1" parent="1" source="WqbHj0pmv_JgViC1A4Ex-128" target="WqbHj0pmv_JgViC1A4Ex-33">
          <mxGeometry width="50" height="50" relative="1" as="geometry">
            <mxPoint x="1646" y="698" as="sourcePoint" />
            <mxPoint x="1696" y="648" as="targetPoint" />
            <Array as="points">
              <mxPoint x="1094" y="178" />
              <mxPoint x="1281" y="258" />
              <mxPoint x="1447" y="405" />
            </Array>
          </mxGeometry>
        </mxCell>
        <mxCell id="WqbHj0pmv_JgViC1A4Ex-134" value="" style="endArrow=classic;html=1;strokeWidth=4;curved=1;fillColor=#e6d0de;strokeColor=#996185;gradientColor=#d5739d;" edge="1" parent="1" source="WqbHj0pmv_JgViC1A4Ex-146" target="WqbHj0pmv_JgViC1A4Ex-122">
          <mxGeometry width="50" height="50" relative="1" as="geometry">
            <mxPoint x="1709" y="755" as="sourcePoint" />
            <mxPoint x="1759" y="705" as="targetPoint" />
            <Array as="points">
              <mxPoint x="721" y="175" />
            </Array>
          </mxGeometry>
        </mxCell>
        <mxCell id="WqbHj0pmv_JgViC1A4Ex-135" value="" style="endArrow=classic;html=1;curved=1;strokeWidth=4;fillColor=#e51400;strokeColor=#B20000;" edge="1" parent="1" source="WqbHj0pmv_JgViC1A4Ex-128" target="WqbHj0pmv_JgViC1A4Ex-25">
          <mxGeometry width="50" height="50" relative="1" as="geometry">
            <mxPoint x="1595" y="662" as="sourcePoint" />
            <mxPoint x="1645" y="612" as="targetPoint" />
            <Array as="points">
              <mxPoint x="1024" y="201" />
            </Array>
          </mxGeometry>
        </mxCell>
        <mxCell id="WqbHj0pmv_JgViC1A4Ex-138" value="" style="endArrow=classic;html=1;curved=1;strokeWidth=4;exitX=0.12;exitY=0.1;exitDx=0;exitDy=0;exitPerimeter=0;fillColor=#f5f5f5;gradientColor=#b3b3b3;strokeColor=#666666;" edge="1" parent="1" source="WqbHj0pmv_JgViC1A4Ex-146" target="WqbHj0pmv_JgViC1A4Ex-29">
          <mxGeometry width="50" height="50" relative="1" as="geometry">
            <mxPoint x="1702" y="473" as="sourcePoint" />
            <mxPoint x="1752" y="423" as="targetPoint" />
            <Array as="points">
              <mxPoint x="595" y="158" />
              <mxPoint x="444" y="414" />
              <mxPoint x="498" y="663" />
            </Array>
          </mxGeometry>
        </mxCell>
        <mxCell id="WqbHj0pmv_JgViC1A4Ex-139" value="" style="endArrow=classic;html=1;curved=1;strokeWidth=4;fillColor=#0050ef;strokeColor=#001DBC;" edge="1" parent="1" source="WqbHj0pmv_JgViC1A4Ex-25" target="WqbHj0pmv_JgViC1A4Ex-30">
          <mxGeometry width="50" height="50" relative="1" as="geometry">
            <mxPoint x="1757" y="623" as="sourcePoint" />
            <mxPoint x="1807" y="573" as="targetPoint" />
            <Array as="points">
              <mxPoint x="1192" y="183" />
            </Array>
          </mxGeometry>
        </mxCell>
        <mxCell id="WqbHj0pmv_JgViC1A4Ex-143" value="" style="endArrow=classic;html=1;curved=1;strokeWidth=4;fillColor=#0050ef;strokeColor=#001DBC;" edge="1" parent="1" source="WqbHj0pmv_JgViC1A4Ex-128" target="WqbHj0pmv_JgViC1A4Ex-30">
          <mxGeometry width="50" height="50" relative="1" as="geometry">
            <mxPoint x="1670" y="612" as="sourcePoint" />
            <mxPoint x="1720" y="562" as="targetPoint" />
            <Array as="points">
              <mxPoint x="1057" y="37" />
            </Array>
          </mxGeometry>
        </mxCell>
        <mxCell id="WqbHj0pmv_JgViC1A4Ex-144" value="" style="endArrow=classic;html=1;curved=1;strokeWidth=4;fillColor=#e3c800;strokeColor=#B09500;" edge="1" parent="1" source="WqbHj0pmv_JgViC1A4Ex-128" target="WqbHj0pmv_JgViC1A4Ex-31">
          <mxGeometry width="50" height="50" relative="1" as="geometry">
            <mxPoint x="1680" y="622" as="sourcePoint" />
            <mxPoint x="1730" y="572" as="targetPoint" />
            <Array as="points">
              <mxPoint x="974" y="203" />
              <mxPoint x="971" y="348" />
              <mxPoint x="915" y="414" />
              <mxPoint x="834" y="475" />
              <mxPoint x="785" y="514" />
              <mxPoint x="717" y="553" />
            </Array>
          </mxGeometry>
        </mxCell>
        <mxCell id="WqbHj0pmv_JgViC1A4Ex-145" value="" style="endArrow=classic;html=1;curved=1;strokeWidth=4;fillColor=#f0a30a;strokeColor=#BD7000;" edge="1" parent="1" source="WqbHj0pmv_JgViC1A4Ex-146" target="WqbHj0pmv_JgViC1A4Ex-28">
          <mxGeometry width="50" height="50" relative="1" as="geometry">
            <mxPoint x="1690" y="632" as="sourcePoint" />
            <mxPoint x="1740" y="582" as="targetPoint" />
            <Array as="points">
              <mxPoint x="1088" y="300" />
              <mxPoint x="1155" y="690" />
            </Array>
          </mxGeometry>
        </mxCell>
        <mxCell id="WqbHj0pmv_JgViC1A4Ex-146" value="" style="shape=mxgraph.cisco.routers.router;sketch=0;html=1;pointerEvents=1;dashed=0;fillColor=#036897;strokeColor=#ffffff;strokeWidth=2;verticalLabelPosition=bottom;verticalAlign=top;align=center;outlineConnect=0;" vertex="1" parent="1">
          <mxGeometry x="785" y="319.5" width="71" height="43" as="geometry" />
        </mxCell>
        <mxCell id="WqbHj0pmv_JgViC1A4Ex-147" value="&lt;b&gt;BHARTITELESONIC&lt;br&gt;AS55536&lt;br&gt;&lt;/b&gt;" style="text;html=1;strokeColor=none;fillColor=none;align=center;verticalAlign=middle;whiteSpace=wrap;rounded=0;" vertex="1" parent="1">
          <mxGeometry x="753" y="359" width="124" height="34" as="geometry" />
        </mxCell>
        <mxCell id="WqbHj0pmv_JgViC1A4Ex-155" value="" style="endArrow=classic;html=1;curved=1;strokeWidth=4;fillColor=#0050ef;strokeColor=#001DBC;" edge="1" parent="1" source="WqbHj0pmv_JgViC1A4Ex-126" target="WqbHj0pmv_JgViC1A4Ex-30">
          <mxGeometry width="50" height="50" relative="1" as="geometry">
            <mxPoint x="1699" y="810" as="sourcePoint" />
            <mxPoint x="1749" y="760" as="targetPoint" />
            <Array as="points">
              <mxPoint x="1562" y="517" />
            </Array>
          </mxGeometry>
        </mxCell>
        <mxCell id="WqbHj0pmv_JgViC1A4Ex-156" value="" style="endArrow=classic;html=1;curved=1;strokeWidth=4;fillColor=#e51400;strokeColor=#B20000;entryX=0.88;entryY=0.5;entryDx=0;entryDy=0;entryPerimeter=0;" edge="1" parent="1" source="WqbHj0pmv_JgViC1A4Ex-126" target="WqbHj0pmv_JgViC1A4Ex-25">
          <mxGeometry width="50" height="50" relative="1" as="geometry">
            <mxPoint x="1709" y="820" as="sourcePoint" />
            <mxPoint x="1759" y="770" as="targetPoint" />
            <Array as="points">
              <mxPoint x="1271" y="728" />
              <mxPoint x="1301" y="547" />
              <mxPoint x="1284" y="408" />
            </Array>
          </mxGeometry>
        </mxCell>
        <mxCell id="WqbHj0pmv_JgViC1A4Ex-157" value="" style="endArrow=classic;html=1;curved=1;strokeWidth=4;fillColor=#f0a30a;strokeColor=#BD7000;" edge="1" parent="1" target="WqbHj0pmv_JgViC1A4Ex-28">
          <mxGeometry width="50" height="50" relative="1" as="geometry">
            <mxPoint x="1461" y="987" as="sourcePoint" />
            <mxPoint x="1769" y="780" as="targetPoint" />
            <Array as="points">
              <mxPoint x="1194" y="957" />
            </Array>
          </mxGeometry>
        </mxCell>
        <mxCell id="WqbHj0pmv_JgViC1A4Ex-158" value="" style="endArrow=classic;html=1;curved=1;strokeWidth=4;fillColor=#f5f5f5;gradientColor=#b3b3b3;strokeColor=#666666;" edge="1" parent="1" source="WqbHj0pmv_JgViC1A4Ex-126" target="WqbHj0pmv_JgViC1A4Ex-29">
          <mxGeometry width="50" height="50" relative="1" as="geometry">
            <mxPoint x="1729" y="840" as="sourcePoint" />
            <mxPoint x="1779" y="790" as="targetPoint" />
            <Array as="points">
              <mxPoint x="1124" y="1217" />
            </Array>
          </mxGeometry>
        </mxCell>
        <mxCell id="WqbHj0pmv_JgViC1A4Ex-166" value="" style="endArrow=classic;html=1;curved=1;strokeWidth=4;fillColor=#e6d0de;gradientColor=#d5739d;strokeColor=#996185;" edge="1" parent="1" source="WqbHj0pmv_JgViC1A4Ex-126" target="WqbHj0pmv_JgViC1A4Ex-32">
          <mxGeometry width="50" height="50" relative="1" as="geometry">
            <mxPoint x="1256" y="1152" as="sourcePoint" />
            <mxPoint x="1306" y="1102" as="targetPoint" />
            <Array as="points">
              <mxPoint x="1388" y="1105" />
              <mxPoint x="984" y="1230" />
            </Array>
          </mxGeometry>
        </mxCell>
        <mxCell id="WqbHj0pmv_JgViC1A4Ex-167" value="" style="endArrow=classic;html=1;curved=1;strokeWidth=4;fillColor=#6a00ff;strokeColor=#3700CC;" edge="1" parent="1" source="WqbHj0pmv_JgViC1A4Ex-146" target="WqbHj0pmv_JgViC1A4Ex-31">
          <mxGeometry width="50" height="50" relative="1" as="geometry">
            <mxPoint x="1266" y="1162" as="sourcePoint" />
            <mxPoint x="1316" y="1112" as="targetPoint" />
            <Array as="points">
              <mxPoint x="740" y="281" />
              <mxPoint x="654" y="438" />
            </Array>
          </mxGeometry>
        </mxCell>
        <mxCell id="WqbHj0pmv_JgViC1A4Ex-168" value="" style="endArrow=classic;html=1;curved=1;strokeWidth=4;fillColor=#a0522d;strokeColor=#6D1F00;" edge="1" parent="1" source="WqbHj0pmv_JgViC1A4Ex-146" target="WqbHj0pmv_JgViC1A4Ex-31">
          <mxGeometry width="50" height="50" relative="1" as="geometry">
            <mxPoint x="1003" y="599" as="sourcePoint" />
            <mxPoint x="1053" y="549" as="targetPoint" />
            <Array as="points">
              <mxPoint x="968" y="278" />
              <mxPoint x="781" y="460" />
              <mxPoint x="697" y="525" />
            </Array>
          </mxGeometry>
        </mxCell>
        <mxCell id="WqbHj0pmv_JgViC1A4Ex-169" value="" style="endArrow=classic;html=1;curved=1;strokeWidth=4;fillColor=#f5f5f5;gradientColor=#b3b3b3;strokeColor=#666666;" edge="1" parent="1" source="WqbHj0pmv_JgViC1A4Ex-111" target="WqbHj0pmv_JgViC1A4Ex-29">
          <mxGeometry width="50" height="50" relative="1" as="geometry">
            <mxPoint x="825" y="783" as="sourcePoint" />
            <mxPoint x="875" y="733" as="targetPoint" />
            <Array as="points">
              <mxPoint x="871" y="761" />
            </Array>
          </mxGeometry>
        </mxCell>
        <mxCell id="WqbHj0pmv_JgViC1A4Ex-170" value="" style="endArrow=classic;html=1;strokeWidth=2;curved=1;fillColor=#a20025;strokeColor=#6F0000;" edge="1" parent="1" source="WqbHj0pmv_JgViC1A4Ex-34" target="WqbHj0pmv_JgViC1A4Ex-128">
          <mxGeometry width="50" height="50" relative="1" as="geometry">
            <mxPoint x="610" y="69" as="sourcePoint" />
            <mxPoint x="660" y="19" as="targetPoint" />
            <Array as="points">
              <mxPoint x="722" y="4" />
              <mxPoint x="845" y="71" />
            </Array>
          </mxGeometry>
        </mxCell>
        <mxCell id="WqbHj0pmv_JgViC1A4Ex-171" value="" style="endArrow=classic;html=1;entryX=0.5;entryY=0;entryDx=0;entryDy=0;entryPerimeter=0;curved=1;strokeWidth=2;fillColor=#008a00;strokeColor=#005700;" edge="1" parent="1" source="WqbHj0pmv_JgViC1A4Ex-34" target="WqbHj0pmv_JgViC1A4Ex-128">
          <mxGeometry width="50" height="50" relative="1" as="geometry">
            <mxPoint x="620" y="79" as="sourcePoint" />
            <mxPoint x="670" y="29" as="targetPoint" />
            <Array as="points">
              <mxPoint x="714" y="23" />
            </Array>
          </mxGeometry>
        </mxCell>
        <mxCell id="WqbHj0pmv_JgViC1A4Ex-172" value="" style="endArrow=classic;html=1;curved=1;strokeWidth=2;fillColor=#6a00ff;strokeColor=#3700CC;" edge="1" parent="1" source="WqbHj0pmv_JgViC1A4Ex-34">
          <mxGeometry width="50" height="50" relative="1" as="geometry">
            <mxPoint x="630" y="89" as="sourcePoint" />
            <mxPoint x="804" y="70" as="targetPoint" />
            <Array as="points">
              <mxPoint x="704" y="43" />
            </Array>
          </mxGeometry>
        </mxCell>
        <mxCell id="WqbHj0pmv_JgViC1A4Ex-173" value="" style="endArrow=classic;html=1;exitX=1;exitY=0.5;exitDx=0;exitDy=0;exitPerimeter=0;entryX=0.12;entryY=0.1;entryDx=0;entryDy=0;entryPerimeter=0;curved=1;strokeWidth=2;fillColor=#0050ef;strokeColor=#001DBC;" edge="1" parent="1" source="WqbHj0pmv_JgViC1A4Ex-34" target="WqbHj0pmv_JgViC1A4Ex-128">
          <mxGeometry width="50" height="50" relative="1" as="geometry">
            <mxPoint x="640" y="99" as="sourcePoint" />
            <mxPoint x="690" y="49" as="targetPoint" />
            <Array as="points">
              <mxPoint x="691" y="63" />
            </Array>
          </mxGeometry>
        </mxCell>
        <mxCell id="WqbHj0pmv_JgViC1A4Ex-174" value="" style="endArrow=classic;html=1;curved=1;strokeWidth=2;fillColor=#e3c800;strokeColor=#B09500;" edge="1" parent="1" source="WqbHj0pmv_JgViC1A4Ex-34">
          <mxGeometry width="50" height="50" relative="1" as="geometry">
            <mxPoint x="650" y="109" as="sourcePoint" />
            <mxPoint x="798" y="83" as="targetPoint" />
          </mxGeometry>
        </mxCell>
        <mxCell id="WqbHj0pmv_JgViC1A4Ex-175" value="" style="endArrow=classic;html=1;curved=1;strokeWidth=2;fillColor=#f0a30a;strokeColor=#BD7000;" edge="1" parent="1" source="WqbHj0pmv_JgViC1A4Ex-34" target="WqbHj0pmv_JgViC1A4Ex-128">
          <mxGeometry width="50" height="50" relative="1" as="geometry">
            <mxPoint x="660" y="119" as="sourcePoint" />
            <mxPoint x="710" y="69" as="targetPoint" />
            <Array as="points">
              <mxPoint x="695" y="92" />
            </Array>
          </mxGeometry>
        </mxCell>
        <mxCell id="WqbHj0pmv_JgViC1A4Ex-176" value="" style="endArrow=classic;html=1;curved=1;strokeWidth=2;fillColor=#f5f5f5;gradientColor=#b3b3b3;strokeColor=#666666;" edge="1" parent="1" source="WqbHj0pmv_JgViC1A4Ex-34">
          <mxGeometry width="50" height="50" relative="1" as="geometry">
            <mxPoint x="670" y="129" as="sourcePoint" />
            <mxPoint x="800" y="95" as="targetPoint" />
            <Array as="points">
              <mxPoint x="692" y="104" />
            </Array>
          </mxGeometry>
        </mxCell>
        <mxCell id="WqbHj0pmv_JgViC1A4Ex-177" value="" style="endArrow=classic;html=1;curved=1;strokeWidth=2;fillColor=#a0522d;strokeColor=#6D1F00;" edge="1" parent="1" source="WqbHj0pmv_JgViC1A4Ex-34">
          <mxGeometry width="50" height="50" relative="1" as="geometry">
            <mxPoint x="680" y="139" as="sourcePoint" />
            <mxPoint x="800" y="100" as="targetPoint" />
            <Array as="points">
              <mxPoint x="685" y="121" />
            </Array>
          </mxGeometry>
        </mxCell>
        <mxCell id="WqbHj0pmv_JgViC1A4Ex-178" value="" style="endArrow=classic;html=1;curved=1;strokeWidth=2;entryX=0.12;entryY=0.9;entryDx=0;entryDy=0;entryPerimeter=0;fillColor=#e6d0de;gradientColor=#d5739d;strokeColor=#996185;" edge="1" parent="1" source="WqbHj0pmv_JgViC1A4Ex-34" target="WqbHj0pmv_JgViC1A4Ex-128">
          <mxGeometry width="50" height="50" relative="1" as="geometry">
            <mxPoint x="690" y="149" as="sourcePoint" />
            <mxPoint x="740" y="99" as="targetPoint" />
            <Array as="points">
              <mxPoint x="684" y="140" />
            </Array>
          </mxGeometry>
        </mxCell>
        <mxCell id="WqbHj0pmv_JgViC1A4Ex-180" value="" style="endArrow=classic;html=1;curved=1;strokeWidth=2;fillColor=#e6d0de;gradientColor=#d5739d;strokeColor=#996185;" edge="1" parent="1" source="WqbHj0pmv_JgViC1A4Ex-128" target="WqbHj0pmv_JgViC1A4Ex-146">
          <mxGeometry width="50" height="50" relative="1" as="geometry">
            <mxPoint x="860" y="245" as="sourcePoint" />
            <mxPoint x="910" y="195" as="targetPoint" />
            <Array as="points">
              <mxPoint x="922" y="218" />
            </Array>
          </mxGeometry>
        </mxCell>
        <mxCell id="WqbHj0pmv_JgViC1A4Ex-181" value="" style="endArrow=classic;html=1;curved=1;strokeWidth=2;fillColor=#0050ef;strokeColor=#001DBC;" edge="1" parent="1" source="WqbHj0pmv_JgViC1A4Ex-128" target="WqbHj0pmv_JgViC1A4Ex-146">
          <mxGeometry width="50" height="50" relative="1" as="geometry">
            <mxPoint x="825" y="228" as="sourcePoint" />
            <mxPoint x="875" y="178" as="targetPoint" />
            <Array as="points">
              <mxPoint x="881" y="225" />
            </Array>
          </mxGeometry>
        </mxCell>
        <mxCell id="WqbHj0pmv_JgViC1A4Ex-182" value="" style="endArrow=classic;html=1;curved=1;strokeWidth=2;fillColor=#a0522d;strokeColor=#6D1F00;" edge="1" parent="1" source="WqbHj0pmv_JgViC1A4Ex-128" target="WqbHj0pmv_JgViC1A4Ex-146">
          <mxGeometry width="50" height="50" relative="1" as="geometry">
            <mxPoint x="800" y="215" as="sourcePoint" />
            <mxPoint x="850" y="165" as="targetPoint" />
          </mxGeometry>
        </mxCell>
        <mxCell id="WqbHj0pmv_JgViC1A4Ex-183" value="" style="endArrow=classic;html=1;strokeWidth=2;curved=1;fillColor=#f5f5f5;gradientColor=#b3b3b3;strokeColor=#666666;" edge="1" parent="1" source="WqbHj0pmv_JgViC1A4Ex-128" target="WqbHj0pmv_JgViC1A4Ex-146">
          <mxGeometry width="50" height="50" relative="1" as="geometry">
            <mxPoint x="735" y="210" as="sourcePoint" />
            <mxPoint x="785" y="160" as="targetPoint" />
            <Array as="points">
              <mxPoint x="794" y="223" />
            </Array>
          </mxGeometry>
        </mxCell>
        <mxCell id="WqbHj0pmv_JgViC1A4Ex-184" value="" style="endArrow=classic;html=1;curved=1;strokeWidth=2;fillColor=#f0a30a;strokeColor=#BD7000;" edge="1" parent="1" source="WqbHj0pmv_JgViC1A4Ex-128" target="WqbHj0pmv_JgViC1A4Ex-146">
          <mxGeometry width="50" height="50" relative="1" as="geometry">
            <mxPoint x="662" y="208" as="sourcePoint" />
            <mxPoint x="712" y="158" as="targetPoint" />
            <Array as="points">
              <mxPoint x="764" y="203" />
            </Array>
          </mxGeometry>
        </mxCell>
        <mxCell id="WqbHj0pmv_JgViC1A4Ex-185" value="" style="endArrow=classic;html=1;entryX=0.88;entryY=0.9;entryDx=0;entryDy=0;entryPerimeter=0;curved=1;strokeWidth=2;fillColor=#e3c800;strokeColor=#B09500;" edge="1" parent="1" source="WqbHj0pmv_JgViC1A4Ex-20" target="WqbHj0pmv_JgViC1A4Ex-126">
          <mxGeometry width="50" height="50" relative="1" as="geometry">
            <mxPoint x="1632" y="1019" as="sourcePoint" />
            <mxPoint x="1682" y="969" as="targetPoint" />
            <Array as="points">
              <mxPoint x="1667" y="1000" />
            </Array>
          </mxGeometry>
        </mxCell>
        <mxCell id="WqbHj0pmv_JgViC1A4Ex-186" value="" style="endArrow=classic;html=1;entryX=0.12;entryY=0.9;entryDx=0;entryDy=0;curved=1;strokeWidth=2;entryPerimeter=0;fillColor=#e6d0de;gradientColor=#d5739d;strokeColor=#996185;" edge="1" parent="1" source="WqbHj0pmv_JgViC1A4Ex-20" target="WqbHj0pmv_JgViC1A4Ex-126">
          <mxGeometry width="50" height="50" relative="1" as="geometry">
            <mxPoint x="1632" y="1076" as="sourcePoint" />
            <mxPoint x="1682" y="1026" as="targetPoint" />
            <Array as="points">
              <mxPoint x="1607" y="1198" />
            </Array>
          </mxGeometry>
        </mxCell>
        <mxCell id="WqbHj0pmv_JgViC1A4Ex-187" value="" style="endArrow=classic;html=1;curved=1;strokeWidth=2;fillColor=#f0a30a;strokeColor=#BD7000;" edge="1" parent="1" source="WqbHj0pmv_JgViC1A4Ex-20">
          <mxGeometry width="50" height="50" relative="1" as="geometry">
            <mxPoint x="1626" y="1130" as="sourcePoint" />
            <mxPoint x="1510" y="1017" as="targetPoint" />
            <Array as="points">
              <mxPoint x="1625" y="1082" />
            </Array>
          </mxGeometry>
        </mxCell>
        <mxCell id="WqbHj0pmv_JgViC1A4Ex-188" value="" style="endArrow=classic;html=1;entryX=1;entryY=0.5;entryDx=0;entryDy=0;entryPerimeter=0;curved=1;strokeWidth=2;fillColor=#a20025;strokeColor=#6F0000;" edge="1" parent="1" source="WqbHj0pmv_JgViC1A4Ex-20" target="WqbHj0pmv_JgViC1A4Ex-126">
          <mxGeometry width="50" height="50" relative="1" as="geometry">
            <mxPoint x="1613" y="985" as="sourcePoint" />
            <mxPoint x="1663" y="935" as="targetPoint" />
            <Array as="points">
              <mxPoint x="1680" y="978" />
            </Array>
          </mxGeometry>
        </mxCell>
        <mxCell id="WqbHj0pmv_JgViC1A4Ex-189" value="" style="endArrow=classic;html=1;curved=1;strokeWidth=2;entryX=0.5;entryY=1;entryDx=0;entryDy=0;entryPerimeter=0;fillColor=#a0522d;strokeColor=#6D1F00;" edge="1" parent="1" source="WqbHj0pmv_JgViC1A4Ex-20" target="WqbHj0pmv_JgViC1A4Ex-126">
          <mxGeometry width="50" height="50" relative="1" as="geometry">
            <mxPoint x="1655" y="1166" as="sourcePoint" />
            <mxPoint x="1705" y="1116" as="targetPoint" />
            <Array as="points">
              <mxPoint x="1625" y="1117" />
            </Array>
          </mxGeometry>
        </mxCell>
        <mxCell id="WqbHj0pmv_JgViC1A4Ex-190" value="" style="endArrow=classic;html=1;strokeWidth=2;curved=1;fillColor=#0050ef;strokeColor=#001DBC;" edge="1" parent="1" source="WqbHj0pmv_JgViC1A4Ex-20" target="WqbHj0pmv_JgViC1A4Ex-126">
          <mxGeometry width="50" height="50" relative="1" as="geometry">
            <mxPoint x="1597" y="950" as="sourcePoint" />
            <mxPoint x="1647" y="900" as="targetPoint" />
            <Array as="points">
              <mxPoint x="1688" y="953" />
            </Array>
          </mxGeometry>
        </mxCell>
        <mxCell id="WqbHj0pmv_JgViC1A4Ex-191" value="" style="endArrow=classic;html=1;curved=1;strokeWidth=2;fillColor=#6a00ff;strokeColor=#3700CC;" edge="1" parent="1" source="WqbHj0pmv_JgViC1A4Ex-20" target="WqbHj0pmv_JgViC1A4Ex-126">
          <mxGeometry width="50" height="50" relative="1" as="geometry">
            <mxPoint x="1580" y="916" as="sourcePoint" />
            <mxPoint x="1630" y="866" as="targetPoint" />
            <Array as="points">
              <mxPoint x="1691" y="934" />
            </Array>
          </mxGeometry>
        </mxCell>
        <mxCell id="WqbHj0pmv_JgViC1A4Ex-192" value="" style="endArrow=classic;html=1;curved=1;strokeWidth=2;fillColor=#f5f5f5;gradientColor=#b3b3b3;strokeColor=#666666;" edge="1" parent="1" source="WqbHj0pmv_JgViC1A4Ex-20">
          <mxGeometry width="50" height="50" relative="1" as="geometry">
            <mxPoint x="1690" y="1192" as="sourcePoint" />
            <mxPoint x="1495" y="1027" as="targetPoint" />
            <Array as="points">
              <mxPoint x="1594" y="1144" />
            </Array>
          </mxGeometry>
        </mxCell>
        <mxCell id="WqbHj0pmv_JgViC1A4Ex-193" value="" style="endArrow=classic;html=1;curved=1;strokeWidth=2;fillColor=#008a00;strokeColor=#005700;" edge="1" parent="1" source="WqbHj0pmv_JgViC1A4Ex-20" target="WqbHj0pmv_JgViC1A4Ex-126">
          <mxGeometry width="50" height="50" relative="1" as="geometry">
            <mxPoint x="1563" y="883" as="sourcePoint" />
            <mxPoint x="1613" y="833" as="targetPoint" />
            <Array as="points">
              <mxPoint x="1697" y="878" />
            </Array>
          </mxGeometry>
        </mxCell>
        <mxCell id="WqbHj0pmv_JgViC1A4Ex-194" value="" style="endArrow=classic;html=1;curved=1;strokeWidth=2;fillColor=#6a00ff;strokeColor=#3700CC;" edge="1" parent="1" source="WqbHj0pmv_JgViC1A4Ex-126" target="WqbHj0pmv_JgViC1A4Ex-31">
          <mxGeometry width="50" height="50" relative="1" as="geometry">
            <mxPoint x="1063" y="970" as="sourcePoint" />
            <mxPoint x="1113" y="920" as="targetPoint" />
            <Array as="points">
              <mxPoint x="941" y="973" />
            </Array>
          </mxGeometry>
        </mxCell>
        <mxCell id="WqbHj0pmv_JgViC1A4Ex-195" value="" style="endArrow=classic;html=1;curved=1;strokeWidth=2;fillColor=#a0522d;strokeColor=#6D1F00;" edge="1" parent="1" source="WqbHj0pmv_JgViC1A4Ex-126" target="WqbHj0pmv_JgViC1A4Ex-31">
          <mxGeometry width="50" height="50" relative="1" as="geometry">
            <mxPoint x="1060" y="1020" as="sourcePoint" />
            <mxPoint x="1110" y="970" as="targetPoint" />
            <Array as="points">
              <mxPoint x="915" y="1011" />
            </Array>
          </mxGeometry>
        </mxCell>
        <mxCell id="WqbHj0pmv_JgViC1A4Ex-196" value="" style="endArrow=classic;html=1;exitX=0;exitY=0.5;exitDx=0;exitDy=0;exitPerimeter=0;curved=1;strokeWidth=2;fillColor=#e3c800;strokeColor=#B09500;" edge="1" parent="1" source="WqbHj0pmv_JgViC1A4Ex-126" target="WqbHj0pmv_JgViC1A4Ex-31">
          <mxGeometry width="50" height="50" relative="1" as="geometry">
            <mxPoint x="1065" y="1066" as="sourcePoint" />
            <mxPoint x="1115" y="1016" as="targetPoint" />
            <Array as="points">
              <mxPoint x="892" y="1060" />
            </Array>
          </mxGeometry>
        </mxCell>
        <mxCell id="WqbHj0pmv_JgViC1A4Ex-199" value="" style="endArrow=classic;html=1;exitX=0.5;exitY=0;exitDx=0;exitDy=0;exitPerimeter=0;curved=1;strokeWidth=4;fillColor=#008a00;strokeColor=#005700;" edge="1" parent="1" source="WqbHj0pmv_JgViC1A4Ex-126" target="WqbHj0pmv_JgViC1A4Ex-33">
          <mxGeometry width="50" height="50" relative="1" as="geometry">
            <mxPoint x="1449" y="916" as="sourcePoint" />
            <mxPoint x="1499" y="866" as="targetPoint" />
            <Array as="points">
              <mxPoint x="1480" y="864" />
            </Array>
          </mxGeometry>
        </mxCell>
        <mxCell id="WqbHj0pmv_JgViC1A4Ex-200" value="" style="endArrow=classic;html=1;curved=1;strokeWidth=4;fillColor=#e6d0de;gradientColor=#d5739d;strokeColor=#996185;exitX=0.12;exitY=0.1;exitDx=0;exitDy=0;exitPerimeter=0;" edge="1" parent="1" source="WqbHj0pmv_JgViC1A4Ex-111" target="WqbHj0pmv_JgViC1A4Ex-122">
          <mxGeometry width="50" height="50" relative="1" as="geometry">
            <mxPoint x="913" y="450" as="sourcePoint" />
            <mxPoint x="963" y="400" as="targetPoint" />
            <Array as="points">
              <mxPoint x="861" y="438" />
            </Array>
          </mxGeometry>
        </mxCell>
        <mxCell id="WqbHj0pmv_JgViC1A4Ex-201" value="" style="endArrow=classic;html=1;curved=1;fillColor=#e6d0de;gradientColor=#d5739d;strokeColor=#996185;strokeWidth=4;" edge="1" parent="1" source="WqbHj0pmv_JgViC1A4Ex-25" target="WqbHj0pmv_JgViC1A4Ex-111">
          <mxGeometry width="50" height="50" relative="1" as="geometry">
            <mxPoint x="1042" y="522" as="sourcePoint" />
            <mxPoint x="1092" y="472" as="targetPoint" />
            <Array as="points">
              <mxPoint x="1004" y="301" />
              <mxPoint x="914" y="487" />
            </Array>
          </mxGeometry>
        </mxCell>
        <mxCell id="WqbHj0pmv_JgViC1A4Ex-208" value="" style="endArrow=classic;html=1;curved=1;strokeWidth=2;fillColor=#e3c800;strokeColor=#B09500;" edge="1" parent="1" source="WqbHj0pmv_JgViC1A4Ex-25" target="WqbHj0pmv_JgViC1A4Ex-111">
          <mxGeometry width="50" height="50" relative="1" as="geometry">
            <mxPoint x="1119" y="665" as="sourcePoint" />
            <mxPoint x="1169" y="615" as="targetPoint" />
            <Array as="points">
              <mxPoint x="1050" y="444" />
            </Array>
          </mxGeometry>
        </mxCell>
        <mxCell id="WqbHj0pmv_JgViC1A4Ex-209" value="" style="endArrow=classic;html=1;curved=1;strokeWidth=2;fillColor=#f0a30a;strokeColor=#BD7000;" edge="1" parent="1" source="WqbHj0pmv_JgViC1A4Ex-25" target="WqbHj0pmv_JgViC1A4Ex-111">
          <mxGeometry width="50" height="50" relative="1" as="geometry">
            <mxPoint x="1092" y="638" as="sourcePoint" />
            <mxPoint x="1142" y="588" as="targetPoint" />
            <Array as="points">
              <mxPoint x="1030" y="430" />
            </Array>
          </mxGeometry>
        </mxCell>
        <mxCell id="WqbHj0pmv_JgViC1A4Ex-210" value="" style="endArrow=classic;html=1;curved=1;strokeWidth=2;fillColor=#a0522d;strokeColor=#6D1F00;" edge="1" parent="1" source="WqbHj0pmv_JgViC1A4Ex-25" target="WqbHj0pmv_JgViC1A4Ex-111">
          <mxGeometry width="50" height="50" relative="1" as="geometry">
            <mxPoint x="1076" y="603" as="sourcePoint" />
            <mxPoint x="1126" y="553" as="targetPoint" />
            <Array as="points">
              <mxPoint x="987" y="388" />
            </Array>
          </mxGeometry>
        </mxCell>
        <mxCell id="WqbHj0pmv_JgViC1A4Ex-211" value="" style="endArrow=classic;html=1;curved=1;strokeWidth=2;fillColor=#f5f5f5;gradientColor=#b3b3b3;strokeColor=#666666;" edge="1" parent="1" source="WqbHj0pmv_JgViC1A4Ex-25" target="WqbHj0pmv_JgViC1A4Ex-111">
          <mxGeometry width="50" height="50" relative="1" as="geometry">
            <mxPoint x="1049" y="575" as="sourcePoint" />
            <mxPoint x="1099" y="525" as="targetPoint" />
            <Array as="points">
              <mxPoint x="920" y="331" />
            </Array>
          </mxGeometry>
        </mxCell>
        <mxCell id="WqbHj0pmv_JgViC1A4Ex-212" value="" style="endArrow=classic;html=1;curved=1;strokeWidth=2;fillColor=#0050ef;strokeColor=#001DBC;entryX=0.76;entryY=0.013;entryDx=0;entryDy=0;entryPerimeter=0;" edge="1" parent="1" source="WqbHj0pmv_JgViC1A4Ex-25" target="WqbHj0pmv_JgViC1A4Ex-111">
          <mxGeometry width="50" height="50" relative="1" as="geometry">
            <mxPoint x="1149" y="693" as="sourcePoint" />
            <mxPoint x="1035" y="644" as="targetPoint" />
            <Array as="points">
              <mxPoint x="1054" y="467" />
            </Array>
          </mxGeometry>
        </mxCell>
        <mxCell id="WqbHj0pmv_JgViC1A4Ex-220" value="" style="fontColor=#0066CC;verticalAlign=top;verticalLabelPosition=bottom;labelPosition=center;align=center;html=1;outlineConnect=0;fillColor=#CCCCCC;strokeColor=#6881B3;gradientColor=none;gradientDirection=north;strokeWidth=2;shape=mxgraph.networks.mobile;" vertex="1" parent="1">
          <mxGeometry x="154" y="22" width="33" height="63" as="geometry" />
        </mxCell>
        <mxCell id="WqbHj0pmv_JgViC1A4Ex-221" value="" style="shape=mxgraph.cisco.routers.router;sketch=0;html=1;pointerEvents=1;dashed=0;fillColor=#036897;strokeColor=#ffffff;strokeWidth=2;verticalLabelPosition=bottom;verticalAlign=top;align=center;outlineConnect=0;" vertex="1" parent="1">
          <mxGeometry x="260" y="32" width="71" height="43" as="geometry" />
        </mxCell>
        <mxCell id="WqbHj0pmv_JgViC1A4Ex-222" value="" style="fontColor=#0066CC;verticalAlign=top;verticalLabelPosition=bottom;labelPosition=center;align=center;html=1;outlineConnect=0;fillColor=#CCCCCC;strokeColor=#6881B3;gradientColor=none;gradientDirection=north;strokeWidth=2;shape=mxgraph.networks.laptop;" vertex="1" parent="1">
          <mxGeometry x="223" y="163.5" width="100" height="55" as="geometry" />
        </mxCell>
        <mxCell id="WqbHj0pmv_JgViC1A4Ex-223" value="" style="fontColor=#0066CC;verticalAlign=top;verticalLabelPosition=bottom;labelPosition=center;align=center;html=1;outlineConnect=0;fillColor=#CCCCCC;strokeColor=#6881B3;gradientColor=none;gradientDirection=north;strokeWidth=2;shape=mxgraph.networks.pc;" vertex="1" parent="1">
          <mxGeometry x="223" y="280" width="100" height="70" as="geometry" />
        </mxCell>
        <mxCell id="WqbHj0pmv_JgViC1A4Ex-224" value="&lt;b&gt;Mobile Device&lt;/b&gt;" style="text;html=1;strokeColor=none;fillColor=none;align=center;verticalAlign=middle;whiteSpace=wrap;rounded=0;" vertex="1" parent="1">
          <mxGeometry x="136.5" y="89" width="68" height="30" as="geometry" />
        </mxCell>
        <mxCell id="WqbHj0pmv_JgViC1A4Ex-225" value="&lt;b&gt;Router&lt;/b&gt;" style="text;html=1;strokeColor=none;fillColor=none;align=center;verticalAlign=middle;whiteSpace=wrap;rounded=0;" vertex="1" parent="1">
          <mxGeometry x="263" y="75" width="68" height="30" as="geometry" />
        </mxCell>
        <mxCell id="WqbHj0pmv_JgViC1A4Ex-226" value="&lt;b&gt;Laptop&lt;/b&gt;" style="text;html=1;strokeColor=none;fillColor=none;align=center;verticalAlign=middle;whiteSpace=wrap;rounded=0;" vertex="1" parent="1">
          <mxGeometry x="239" y="215" width="68" height="30" as="geometry" />
        </mxCell>
        <mxCell id="WqbHj0pmv_JgViC1A4Ex-227" value="&lt;b&gt;Looking Glass&lt;/b&gt;" style="text;html=1;strokeColor=none;fillColor=none;align=center;verticalAlign=middle;whiteSpace=wrap;rounded=0;" vertex="1" parent="1">
          <mxGeometry x="246" y="350" width="68" height="30" as="geometry" />
        </mxCell>
        <mxCell id="WqbHj0pmv_JgViC1A4Ex-232" value="&lt;b&gt;Looking Glass&lt;br&gt;&lt;/b&gt;LA" style="text;html=1;strokeColor=none;fillColor=none;align=center;verticalAlign=middle;whiteSpace=wrap;rounded=0;" vertex="1" parent="1">
          <mxGeometry x="1806" y="125" width="90" height="30" as="geometry" />
        </mxCell>
        <mxCell id="WqbHj0pmv_JgViC1A4Ex-233" value="" style="shape=mxgraph.cisco.routers.router;sketch=0;html=1;pointerEvents=1;dashed=0;fillColor=#036897;strokeColor=#ffffff;strokeWidth=2;verticalLabelPosition=bottom;verticalAlign=top;align=center;outlineConnect=0;" vertex="1" parent="1">
          <mxGeometry x="1547" y="593" width="71" height="43" as="geometry" />
        </mxCell>
        <mxCell id="WqbHj0pmv_JgViC1A4Ex-234" value="&lt;b&gt;TATAC-ARIN&lt;br&gt;AS6453&lt;br&gt;&lt;/b&gt;" style="text;html=1;strokeColor=none;fillColor=none;align=center;verticalAlign=middle;whiteSpace=wrap;rounded=0;" vertex="1" parent="1">
          <mxGeometry x="1541" y="645" width="90" height="30" as="geometry" />
        </mxCell>
        <mxCell id="WqbHj0pmv_JgViC1A4Ex-235" value="" style="endArrow=classic;html=1;strokeWidth=4;curved=1;fillColor=#008a00;strokeColor=#005700;" edge="1" parent="1" source="WqbHj0pmv_JgViC1A4Ex-233" target="WqbHj0pmv_JgViC1A4Ex-33">
          <mxGeometry width="50" height="50" relative="1" as="geometry">
            <mxPoint x="1473" y="730" as="sourcePoint" />
            <mxPoint x="1523" y="680" as="targetPoint" />
            <Array as="points">
              <mxPoint x="1478" y="640" />
            </Array>
          </mxGeometry>
        </mxCell>
        <mxCell id="WqbHj0pmv_JgViC1A4Ex-236" value="" style="shape=mxgraph.cisco.routers.router;sketch=0;html=1;pointerEvents=1;dashed=0;fillColor=#036897;strokeColor=#ffffff;strokeWidth=2;verticalLabelPosition=bottom;verticalAlign=top;align=center;outlineConnect=0;" vertex="1" parent="1">
          <mxGeometry x="402" y="818.5" width="71" height="43" as="geometry" />
        </mxCell>
        <mxCell id="WqbHj0pmv_JgViC1A4Ex-237" value="&lt;b&gt;LONDON-E3-CUST1&lt;br&gt;AS9057&lt;br&gt;&lt;/b&gt;" style="text;html=1;strokeColor=none;fillColor=none;align=center;verticalAlign=middle;whiteSpace=wrap;rounded=0;" vertex="1" parent="1">
          <mxGeometry x="372.5" y="845" width="130" height="63" as="geometry" />
        </mxCell>
        <mxCell id="WqbHj0pmv_JgViC1A4Ex-238" value="" style="endArrow=classic;html=1;strokeWidth=4;curved=1;fillColor=#e6d0de;gradientColor=#d5739d;strokeColor=#996185;" edge="1" parent="1" source="WqbHj0pmv_JgViC1A4Ex-236" target="WqbHj0pmv_JgViC1A4Ex-32">
          <mxGeometry width="50" height="50" relative="1" as="geometry">
            <mxPoint x="282" y="856" as="sourcePoint" />
            <mxPoint x="332" y="806" as="targetPoint" />
            <Array as="points">
              <mxPoint x="348" y="835" />
              <mxPoint x="297" y="873" />
            </Array>
          </mxGeometry>
        </mxCell>
        <mxCell id="WqbHj0pmv_JgViC1A4Ex-239" value="" style="endArrow=classic;html=1;curved=1;strokeWidth=4;fillColor=#6a00ff;strokeColor=#3700CC;" edge="1" parent="1" source="WqbHj0pmv_JgViC1A4Ex-16" target="WqbHj0pmv_JgViC1A4Ex-31">
          <mxGeometry width="50" height="50" relative="1" as="geometry">
            <mxPoint x="1542" y="289" as="sourcePoint" />
            <mxPoint x="1592" y="239" as="targetPoint" />
            <Array as="points">
              <mxPoint x="1371" y="995" />
            </Array>
          </mxGeometry>
        </mxCell>
        <mxCell id="WqbHj0pmv_JgViC1A4Ex-240" value="" style="endArrow=classic;html=1;curved=1;strokeWidth=4;fillColor=#a0522d;strokeColor=#6D1F00;" edge="1" parent="1" source="WqbHj0pmv_JgViC1A4Ex-16" target="WqbHj0pmv_JgViC1A4Ex-31">
          <mxGeometry width="50" height="50" relative="1" as="geometry">
            <mxPoint x="1595" y="340" as="sourcePoint" />
            <mxPoint x="1645" y="290" as="targetPoint" />
            <Array as="points">
              <mxPoint x="1330" y="900" />
            </Array>
          </mxGeometry>
        </mxCell>
        <mxCell id="WqbHj0pmv_JgViC1A4Ex-241" value="" style="fontColor=#0066CC;verticalAlign=top;verticalLabelPosition=bottom;labelPosition=center;align=center;html=1;outlineConnect=0;fillColor=#CCCCCC;strokeColor=#6881B3;gradientColor=none;gradientDirection=north;strokeWidth=2;shape=mxgraph.networks.web_server;" vertex="1" parent="1">
          <mxGeometry x="1514" y="43" width="64" height="70" as="geometry" />
        </mxCell>
        <mxCell id="WqbHj0pmv_JgViC1A4Ex-242" value="&lt;b&gt;MANCHESTER-CUSTOMER-LINKSTO&lt;br&gt;AS3356&lt;br&gt;&lt;/b&gt;" style="text;html=1;strokeColor=none;fillColor=none;align=center;verticalAlign=middle;whiteSpace=wrap;rounded=0;" vertex="1" parent="1">
          <mxGeometry x="1496" y="113" width="100" height="71" as="geometry" />
        </mxCell>
        <mxCell id="WqbHj0pmv_JgViC1A4Ex-243" value="" style="endArrow=classic;html=1;curved=1;strokeWidth=4;fillColor=#e3c800;strokeColor=#B09500;" edge="1" parent="1" source="WqbHj0pmv_JgViC1A4Ex-16" target="WqbHj0pmv_JgViC1A4Ex-241">
          <mxGeometry width="50" height="50" relative="1" as="geometry">
            <mxPoint x="1655" y="128" as="sourcePoint" />
            <mxPoint x="1705" y="78" as="targetPoint" />
            <Array as="points">
              <mxPoint x="1668" y="41" />
            </Array>
          </mxGeometry>
        </mxCell>
        <mxCell id="WqbHj0pmv_JgViC1A4Ex-244" value="" style="endArrow=classic;html=1;curved=1;strokeWidth=4;fillColor=#008a00;strokeColor=#005700;" edge="1" parent="1" source="WqbHj0pmv_JgViC1A4Ex-16" target="WqbHj0pmv_JgViC1A4Ex-233">
          <mxGeometry width="50" height="50" relative="1" as="geometry">
            <mxPoint x="1782" y="430" as="sourcePoint" />
            <mxPoint x="1832" y="380" as="targetPoint" />
            <Array as="points">
              <mxPoint x="1718" y="375" />
            </Array>
          </mxGeometry>
        </mxCell>
        <mxCell id="WqbHj0pmv_JgViC1A4Ex-245" value="" style="endArrow=classic;html=1;entryX=0.75;entryY=0;entryDx=0;entryDy=0;curved=1;strokeWidth=4;fillColor=#e6d0de;gradientColor=#d5739d;strokeColor=#996185;" edge="1" parent="1" source="WqbHj0pmv_JgViC1A4Ex-16" target="WqbHj0pmv_JgViC1A4Ex-237">
          <mxGeometry width="50" height="50" relative="1" as="geometry">
            <mxPoint x="1705" y="415" as="sourcePoint" />
            <mxPoint x="1755" y="365" as="targetPoint" />
            <Array as="points">
              <mxPoint x="1720" y="747" />
              <mxPoint x="1165" y="1143" />
              <mxPoint x="688" y="1140" />
              <mxPoint x="550" y="845" />
            </Array>
          </mxGeometry>
        </mxCell>
        <mxCell id="WqbHj0pmv_JgViC1A4Ex-246" value="" style="endArrow=classic;html=1;curved=1;strokeWidth=4;fillColor=#f5f5f5;gradientColor=#b3b3b3;strokeColor=#666666;" edge="1" parent="1" source="WqbHj0pmv_JgViC1A4Ex-16" target="WqbHj0pmv_JgViC1A4Ex-29">
          <mxGeometry width="50" height="50" relative="1" as="geometry">
            <mxPoint x="1630" y="473" as="sourcePoint" />
            <mxPoint x="1680" y="423" as="targetPoint" />
            <Array as="points">
              <mxPoint x="1662" y="807" />
              <mxPoint x="1072" y="1104" />
            </Array>
          </mxGeometry>
        </mxCell>
        <mxCell id="WqbHj0pmv_JgViC1A4Ex-247" value="" style="fontColor=#0066CC;verticalAlign=top;verticalLabelPosition=bottom;labelPosition=center;align=center;html=1;outlineConnect=0;fillColor=#CCCCCC;strokeColor=#6881B3;gradientColor=none;gradientDirection=north;strokeWidth=2;shape=mxgraph.networks.web_server;" vertex="1" parent="1">
          <mxGeometry x="1410" y="179" width="64" height="70" as="geometry" />
        </mxCell>
        <mxCell id="WqbHj0pmv_JgViC1A4Ex-248" value="&lt;b&gt;COGENT-A&lt;br&gt;AS174&lt;br&gt;&lt;/b&gt;" style="text;html=1;strokeColor=none;fillColor=none;align=center;verticalAlign=middle;whiteSpace=wrap;rounded=0;" vertex="1" parent="1">
          <mxGeometry x="1401.5" y="255" width="81" height="30" as="geometry" />
        </mxCell>
        <mxCell id="WqbHj0pmv_JgViC1A4Ex-249" value="" style="endArrow=classic;html=1;curved=1;strokeWidth=4;fillColor=#0050ef;strokeColor=#001DBC;" edge="1" parent="1" source="WqbHj0pmv_JgViC1A4Ex-16" target="WqbHj0pmv_JgViC1A4Ex-247">
          <mxGeometry width="50" height="50" relative="1" as="geometry">
            <mxPoint x="1602" y="240" as="sourcePoint" />
            <mxPoint x="1652" y="190" as="targetPoint" />
            <Array as="points">
              <mxPoint x="1622" y="197" />
            </Array>
          </mxGeometry>
        </mxCell>
        <mxCell id="WqbHj0pmv_JgViC1A4Ex-250" value="" style="shape=mxgraph.cisco.routers.router;sketch=0;html=1;pointerEvents=1;dashed=0;fillColor=#036897;strokeColor=#ffffff;strokeWidth=2;verticalLabelPosition=bottom;verticalAlign=top;align=center;outlineConnect=0;" vertex="1" parent="1">
          <mxGeometry x="1205" y="755" width="71" height="43" as="geometry" />
        </mxCell>
        <mxCell id="WqbHj0pmv_JgViC1A4Ex-251" value="&lt;b&gt;NTT-GIN&lt;br&gt;AS2914&lt;br&gt;&lt;/b&gt;" style="text;html=1;strokeColor=none;fillColor=none;align=center;verticalAlign=middle;whiteSpace=wrap;rounded=0;" vertex="1" parent="1">
          <mxGeometry x="1210.5" y="802" width="60" height="30" as="geometry" />
        </mxCell>
        <mxCell id="WqbHj0pmv_JgViC1A4Ex-252" value="" style="endArrow=classic;html=1;curved=1;strokeWidth=4;fillColor=#f0a30a;strokeColor=#BD7000;" edge="1" parent="1" source="WqbHj0pmv_JgViC1A4Ex-16" target="WqbHj0pmv_JgViC1A4Ex-250">
          <mxGeometry width="50" height="50" relative="1" as="geometry">
            <mxPoint x="1573" y="525" as="sourcePoint" />
            <mxPoint x="1623" y="475" as="targetPoint" />
            <Array as="points">
              <mxPoint x="1645" y="550" />
            </Array>
          </mxGeometry>
        </mxCell>
        <mxCell id="WqbHj0pmv_JgViC1A4Ex-253" value="" style="endArrow=classic;html=1;curved=1;strokeWidth=4;fillColor=#f0a30a;strokeColor=#BD7000;" edge="1" parent="1" source="WqbHj0pmv_JgViC1A4Ex-250" target="WqbHj0pmv_JgViC1A4Ex-28">
          <mxGeometry width="50" height="50" relative="1" as="geometry">
            <mxPoint x="1126" y="849" as="sourcePoint" />
            <mxPoint x="1176" y="799" as="targetPoint" />
            <Array as="points">
              <mxPoint x="1134" y="825" />
            </Array>
          </mxGeometry>
        </mxCell>
        <mxCell id="WqbHj0pmv_JgViC1A4Ex-254" value="" style="fontColor=#0066CC;verticalAlign=top;verticalLabelPosition=bottom;labelPosition=center;align=center;html=1;outlineConnect=0;fillColor=#CCCCCC;strokeColor=#6881B3;gradientColor=none;gradientDirection=north;strokeWidth=2;shape=mxgraph.networks.pc;" vertex="1" parent="1">
          <mxGeometry x="31" y="533" width="100" height="70" as="geometry" />
        </mxCell>
        <mxCell id="WqbHj0pmv_JgViC1A4Ex-255" value="&lt;b&gt;Looking Glass&lt;br&gt;&lt;/b&gt;NY" style="text;html=1;strokeColor=none;fillColor=none;align=center;verticalAlign=middle;whiteSpace=wrap;rounded=0;" vertex="1" parent="1">
          <mxGeometry x="39" y="618.5" width="90" height="30" as="geometry" />
        </mxCell>
        <mxCell id="WqbHj0pmv_JgViC1A4Ex-256" value="" style="endArrow=classic;html=1;entryX=0.5;entryY=0;entryDx=0;entryDy=0;curved=1;strokeWidth=4;fillColor=#e6d0de;gradientColor=#d5739d;strokeColor=#996185;entryPerimeter=0;" edge="1" parent="1" source="WqbHj0pmv_JgViC1A4Ex-254" target="WqbHj0pmv_JgViC1A4Ex-236">
          <mxGeometry width="50" height="50" relative="1" as="geometry">
            <mxPoint x="189" y="638" as="sourcePoint" />
            <mxPoint x="239" y="588" as="targetPoint" />
            <Array as="points">
              <mxPoint x="321" y="688" />
            </Array>
          </mxGeometry>
        </mxCell>
        <mxCell id="WqbHj0pmv_JgViC1A4Ex-257" value="" style="endArrow=classic;html=1;entryX=0;entryY=0.5;entryDx=0;entryDy=0;entryPerimeter=0;curved=1;strokeWidth=4;fillColor=#008a00;strokeColor=#005700;" edge="1" parent="1" source="WqbHj0pmv_JgViC1A4Ex-254" target="WqbHj0pmv_JgViC1A4Ex-33">
          <mxGeometry width="50" height="50" relative="1" as="geometry">
            <mxPoint x="393" y="699" as="sourcePoint" />
            <mxPoint x="443" y="649" as="targetPoint" />
            <Array as="points">
              <mxPoint x="568" y="661" />
              <mxPoint x="812" y="988" />
              <mxPoint x="1297" y="880" />
            </Array>
          </mxGeometry>
        </mxCell>
        <mxCell id="WqbHj0pmv_JgViC1A4Ex-259" value="" style="endArrow=classic;html=1;curved=1;strokeWidth=4;fillColor=#e3c800;strokeColor=#B09500;" edge="1" parent="1" source="WqbHj0pmv_JgViC1A4Ex-254" target="WqbHj0pmv_JgViC1A4Ex-33">
          <mxGeometry width="50" height="50" relative="1" as="geometry">
            <mxPoint x="141" y="615" as="sourcePoint" />
            <mxPoint x="1392" y="823" as="targetPoint" />
            <Array as="points">
              <mxPoint x="578" y="698" />
              <mxPoint x="822" y="1025" />
              <mxPoint x="1307" y="917" />
            </Array>
          </mxGeometry>
        </mxCell>
        <mxCell id="WqbHj0pmv_JgViC1A4Ex-260" value="" style="endArrow=classic;html=1;curved=1;strokeWidth=4;fillColor=#f5f5f5;gradientColor=#b3b3b3;strokeColor=#666666;" edge="1" parent="1" source="WqbHj0pmv_JgViC1A4Ex-254" target="WqbHj0pmv_JgViC1A4Ex-29">
          <mxGeometry width="50" height="50" relative="1" as="geometry">
            <mxPoint x="375" y="745" as="sourcePoint" />
            <mxPoint x="425" y="695" as="targetPoint" />
            <Array as="points">
              <mxPoint x="474" y="698" />
            </Array>
          </mxGeometry>
        </mxCell>
        <mxCell id="WqbHj0pmv_JgViC1A4Ex-261" value="" style="endArrow=classic;html=1;curved=1;strokeWidth=4;fillColor=#f0a30a;strokeColor=#BD7000;exitX=0.95;exitY=1;exitDx=0;exitDy=0;exitPerimeter=0;" edge="1" parent="1" source="WqbHj0pmv_JgViC1A4Ex-254" target="WqbHj0pmv_JgViC1A4Ex-250">
          <mxGeometry width="50" height="50" relative="1" as="geometry">
            <mxPoint x="297" y="825" as="sourcePoint" />
            <mxPoint x="347" y="775" as="targetPoint" />
            <Array as="points">
              <mxPoint x="270" y="851" />
              <mxPoint x="768" y="1063" />
              <mxPoint x="1081" y="995" />
            </Array>
          </mxGeometry>
        </mxCell>
        <mxCell id="WqbHj0pmv_JgViC1A4Ex-262" value="" style="endArrow=classic;html=1;exitX=1;exitY=0.5;exitDx=0;exitDy=0;exitPerimeter=0;entryX=-0.04;entryY=0.763;entryDx=0;entryDy=0;entryPerimeter=0;strokeWidth=3;curved=1;fillColor=#a0522d;strokeColor=#6D1F00;" edge="1" parent="1" source="WqbHj0pmv_JgViC1A4Ex-254" target="WqbHj0pmv_JgViC1A4Ex-31">
          <mxGeometry width="50" height="50" relative="1" as="geometry">
            <mxPoint x="352" y="723" as="sourcePoint" />
            <mxPoint x="420" y="679" as="targetPoint" />
            <Array as="points">
              <mxPoint x="395" y="600" />
            </Array>
          </mxGeometry>
        </mxCell>
        <mxCell id="WqbHj0pmv_JgViC1A4Ex-263" value="" style="endArrow=classic;html=1;entryX=0;entryY=0.5;entryDx=0;entryDy=0;entryPerimeter=0;curved=1;strokeWidth=3;fillColor=#6a00ff;strokeColor=#3700CC;" edge="1" parent="1" source="WqbHj0pmv_JgViC1A4Ex-254" target="WqbHj0pmv_JgViC1A4Ex-31">
          <mxGeometry width="50" height="50" relative="1" as="geometry">
            <mxPoint x="316" y="590" as="sourcePoint" />
            <mxPoint x="366" y="540" as="targetPoint" />
            <Array as="points">
              <mxPoint x="412" y="573" />
            </Array>
          </mxGeometry>
        </mxCell>
        <mxCell id="WqbHj0pmv_JgViC1A4Ex-264" value="" style="fontColor=#0066CC;verticalAlign=top;verticalLabelPosition=bottom;labelPosition=center;align=center;html=1;outlineConnect=0;fillColor=#CCCCCC;strokeColor=#6881B3;gradientColor=none;gradientDirection=north;strokeWidth=2;shape=mxgraph.networks.web_server;" vertex="1" parent="1">
          <mxGeometry x="59" y="798" width="64" height="70" as="geometry" />
        </mxCell>
        <mxCell id="WqbHj0pmv_JgViC1A4Ex-265" value="&lt;b&gt;RGS-BLK4&lt;br&gt;AS6517&lt;br&gt;&lt;/b&gt;" style="text;html=1;strokeColor=none;fillColor=none;align=center;verticalAlign=middle;whiteSpace=wrap;rounded=0;" vertex="1" parent="1">
          <mxGeometry x="40.5" y="875" width="96" height="30" as="geometry" />
        </mxCell>
        <mxCell id="WqbHj0pmv_JgViC1A4Ex-266" value="" style="endArrow=classic;html=1;curved=1;strokeWidth=4;fillColor=#0050ef;strokeColor=#001DBC;" edge="1" parent="1" source="WqbHj0pmv_JgViC1A4Ex-254" target="WqbHj0pmv_JgViC1A4Ex-264">
          <mxGeometry width="50" height="50" relative="1" as="geometry">
            <mxPoint x="95" y="735" as="sourcePoint" />
            <mxPoint x="145" y="685" as="targetPoint" />
            <Array as="points">
              <mxPoint x="15" y="637" />
              <mxPoint x="31" y="735" />
            </Array>
          </mxGeometry>
        </mxCell>
        <mxCell id="WqbHj0pmv_JgViC1A4Ex-267" value="" style="endArrow=classic;html=1;curved=1;strokeWidth=2;fillColor=#a0522d;strokeColor=#6D1F00;" edge="1" parent="1" source="WqbHj0pmv_JgViC1A4Ex-19" target="WqbHj0pmv_JgViC1A4Ex-25">
          <mxGeometry width="50" height="50" relative="1" as="geometry">
            <mxPoint x="1123" y="525" as="sourcePoint" />
            <mxPoint x="1173" y="475" as="targetPoint" />
            <Array as="points">
              <mxPoint x="1148" y="464" />
            </Array>
          </mxGeometry>
        </mxCell>
        <mxCell id="WqbHj0pmv_JgViC1A4Ex-268" value="" style="endArrow=classic;html=1;entryX=0.5;entryY=0.94;entryDx=0;entryDy=0;entryPerimeter=0;curved=1;strokeWidth=2;fillColor=#e3c800;strokeColor=#B09500;" edge="1" parent="1" source="WqbHj0pmv_JgViC1A4Ex-19" target="WqbHj0pmv_JgViC1A4Ex-25">
          <mxGeometry width="50" height="50" relative="1" as="geometry">
            <mxPoint x="1170" y="542" as="sourcePoint" />
            <mxPoint x="1220" y="492" as="targetPoint" />
            <Array as="points">
              <mxPoint x="1210" y="474" />
            </Array>
          </mxGeometry>
        </mxCell>
        <mxCell id="WqbHj0pmv_JgViC1A4Ex-269" value="" style="endArrow=classic;html=1;entryX=0.95;entryY=0.95;entryDx=0;entryDy=0;entryPerimeter=0;curved=1;strokeWidth=2;fillColor=#0050ef;strokeColor=#001DBC;" edge="1" parent="1" source="WqbHj0pmv_JgViC1A4Ex-19" target="WqbHj0pmv_JgViC1A4Ex-25">
          <mxGeometry width="50" height="50" relative="1" as="geometry">
            <mxPoint x="1217" y="568" as="sourcePoint" />
            <mxPoint x="1267" y="518" as="targetPoint" />
            <Array as="points">
              <mxPoint x="1252" y="528" />
              <mxPoint x="1268" y="477" />
            </Array>
          </mxGeometry>
        </mxCell>
        <mxCell id="WqbHj0pmv_JgViC1A4Ex-270" value="" style="endArrow=classic;html=1;curved=1;strokeWidth=2;fillColor=#f5f5f5;gradientColor=#b3b3b3;strokeColor=#666666;" edge="1" parent="1" source="WqbHj0pmv_JgViC1A4Ex-19" target="WqbHj0pmv_JgViC1A4Ex-25">
          <mxGeometry width="50" height="50" relative="1" as="geometry">
            <mxPoint x="1093" y="515" as="sourcePoint" />
            <mxPoint x="1143" y="465" as="targetPoint" />
            <Array as="points">
              <mxPoint x="1122" y="477" />
            </Array>
          </mxGeometry>
        </mxCell>
        <mxCell id="WqbHj0pmv_JgViC1A4Ex-271" value="" style="endArrow=classic;html=1;exitX=0.16;exitY=0;exitDx=0;exitDy=0;exitPerimeter=0;curved=1;strokeWidth=2;fillColor=#e6d0de;gradientColor=#d5739d;strokeColor=#996185;" edge="1" parent="1" source="WqbHj0pmv_JgViC1A4Ex-19" target="WqbHj0pmv_JgViC1A4Ex-25">
          <mxGeometry width="50" height="50" relative="1" as="geometry">
            <mxPoint x="1079" y="499" as="sourcePoint" />
            <mxPoint x="1129" y="449" as="targetPoint" />
            <Array as="points">
              <mxPoint x="1135" y="527" />
              <mxPoint x="1120" y="451" />
            </Array>
          </mxGeometry>
        </mxCell>
        <mxCell id="WqbHj0pmv_JgViC1A4Ex-272" value="" style="endArrow=classic;html=1;exitX=0.5;exitY=0;exitDx=0;exitDy=0;exitPerimeter=0;entryX=0.5;entryY=0.94;entryDx=0;entryDy=0;entryPerimeter=0;curved=1;strokeWidth=2;fillColor=#f0a30a;strokeColor=#BD7000;" edge="1" parent="1" source="WqbHj0pmv_JgViC1A4Ex-19" target="WqbHj0pmv_JgViC1A4Ex-25">
          <mxGeometry width="50" height="50" relative="1" as="geometry">
            <mxPoint x="1139" y="539" as="sourcePoint" />
            <mxPoint x="1189" y="489" as="targetPoint" />
            <Array as="points">
              <mxPoint x="1172" y="470" />
            </Array>
          </mxGeometry>
        </mxCell>
        <mxCell id="WqbHj0pmv_JgViC1A4Ex-273" value="" style="endArrow=classic;html=1;exitX=0.83;exitY=0;exitDx=0;exitDy=0;exitPerimeter=0;curved=1;strokeWidth=2;fillColor=#008a00;strokeColor=#005700;" edge="1" parent="1">
          <mxGeometry width="50" height="50" relative="1" as="geometry">
            <mxPoint x="1230.9999999999995" y="572" as="sourcePoint" />
            <mxPoint x="1222" y="371.3304347826088" as="targetPoint" />
            <Array as="points">
              <mxPoint x="1282" y="537" />
              <mxPoint x="1268" y="413" />
            </Array>
          </mxGeometry>
        </mxCell>
        <mxCell id="WqbHj0pmv_JgViC1A4Ex-274" value="" style="endArrow=classic;html=1;curved=1;strokeWidth=2;fillColor=#6a00ff;strokeColor=#3700CC;" edge="1" parent="1" source="WqbHj0pmv_JgViC1A4Ex-19" target="WqbHj0pmv_JgViC1A4Ex-25">
          <mxGeometry width="50" height="50" relative="1" as="geometry">
            <mxPoint x="1222" y="526" as="sourcePoint" />
            <mxPoint x="1272" y="476" as="targetPoint" />
            <Array as="points">
              <mxPoint x="1267" y="477" />
            </Array>
          </mxGeometry>
        </mxCell>
        <mxCell id="WqbHj0pmv_JgViC1A4Ex-275" value="" style="endArrow=classic;html=1;curved=1;strokeWidth=2;fillColor=#a20025;strokeColor=#6F0000;" edge="1" parent="1" source="WqbHj0pmv_JgViC1A4Ex-19" target="WqbHj0pmv_JgViC1A4Ex-25">
          <mxGeometry width="50" height="50" relative="1" as="geometry">
            <mxPoint x="1192" y="503" as="sourcePoint" />
            <mxPoint x="1242" y="453" as="targetPoint" />
            <Array as="points">
              <mxPoint x="1234" y="477" />
            </Array>
          </mxGeometry>
        </mxCell>
      </root>
    </mxGraphModel>
  </diagram>
</mxfile>
